profile_url,likes,comments,timestamp,type,caption,url,shortcode
https://www.instagram.com/nasa,185200,620,2026-05-18T12:00:00Z,Image,"A view of the brilliant Aurora Borealis dancing over North America. Taken by astronauts aboard the International Space Station, this stunning green glow represents solar wind colliding with atmospheric oxygen. What parts of our universe inspire you today? #aurora #nasa #space #science",https://www.instagram.com/p/C7H2Bv9u2j5/,C7H2Bv9u2j5
https://www.instagram.com/nasa,154100,540,2026-05-17T14:30:00Z,Video,"Staring into the heart of the Orion Nebula. Captured using our James Webb Space Telescope's Near-Infrared Camera (NIRCam), this video reveals hundreds of baby stars nestled in deep dust shells. Science is just beginning to understand star births in this nursery. #jwst #nebula #stars #space #science #nasa",https://www.instagram.com/p/C7Fc8v2u5k8/,C7Fc8v2u5k8
https://www.instagram.com/nasa,139000,495,2026-05-15T09:15:00Z,Carousel,"Meet the crew of Artemis II. These brave four astronauts are preparing for a historic flight around the Moon, marking the first time humans will visit our celestial neighbor in over 50 years. Swipe to learn more about each explorer, their training journey, and their mission milestones. #artemis #moon #exploration #space #nasa",https://www.instagram.com/p/C7C15v7u8m3/,C7C15v7u8m3
https://www.instagram.com/nasa,124000,410,2026-05-13T16:45:00Z,Image,A crescent Earth as seen from lunar orbit during our Artemis I uncrewed flight. The absolute silent isolation of our home planet framed against the deep black abyss of space is a humbling reminder of our fragile existence. Protect our sphere. #artemis #earth #photography #space #nasa,https://www.instagram.com/p/C6903v4u9n4/,C6903v4u9n4
https://www.instagram.com/nasa,118000,390,2026-05-11T11:00:00Z,Image,"Mars Curiosity rover captures ancient clay-rich layers inside Gale Crater. These mineral patterns prove liquid water persisted on Mars for millions of years, potentially creating habitable lake environments in Mars' warm ancient past. #mars #curiosity #rover #science #space #nasa",https://www.instagram.com/p/C67X2v5u1o5/,C67X2v5u1o5
https://www.instagram.com/nasa,112000,380,2026-05-09T08:20:00Z,Image,The rings of Saturn glowing in infrared light. This spectacular view reveals the heat structures hidden in the gas giant's complex cloud belts and icy particles. Captured during Saturn's late northern summer. #saturn #space #science #nasa,https://www.instagram.com/p/C64v1v3u2p6/,C64v1v3u2p6
https://www.instagram.com/nasa,131000,460,2026-05-07T13:10:00Z,Video,A dynamic look at solar flares erupting from the active region of our sun. This high-fidelity visualization highlights magnetic reconnection processes studied by our solar dynamics observatory. #sun #science #space #nasa,https://www.instagram.com/p/C62h1v3u4q7/,C62h1v3u4q7
https://www.instagram.com/nasa,142000,510,2026-05-05T15:40:00Z,Carousel,Explore the violent stellar winds of active star formation clusters in the Milky Way. Infrared imagery from Webb Space Telescope strips away cosmic dust lanes. #jwst #milkyway #space #science #nasa,https://www.instagram.com/p/C60b1v3u5r8/,C60b1v3u5r8
https://www.instagram.com/nasa,129000,450,2026-05-03T10:30:00Z,Image,Supermassive black hole at the center of nearby spiral galaxy M87 actively consuming matter. This high-resolution visualization merges infrared and X-ray channels to model thermal jets. #blackhole #galaxy #science #space #nasa,https://www.instagram.com/p/C6yv1v3u6s9/,C6yv1v3u6s9
https://www.instagram.com/nasa,98000,310,2026-05-01T17:15:00Z,Image,Pre-launch final assembly checks of the Europa Clipper spacecraft at Kennedy Space Center. Clipper will investigate Europa's subterranean ocean under icy crusts. #europaclipper #europa #science #space #nasa,https://www.instagram.com/p/C6wv1v3u7t0/,C6wv1v3u7t0
https://www.instagram.com/nasa,122000,420,2026-04-29T14:00:00Z,Video,Watch the breathtaking flight path of a research rocket ascending into the upper atmospheric layers over Alaska. Gathering critical thermosphere ionization datasets. #rocket #science #space #nasa,https://www.instagram.com/p/C6uv1v3u8u1/,C6uv1v3u8u1
https://www.instagram.com/nasa,105000,340,2026-04-27T11:45:00Z,Image,Deep field observation isolating high-redshift early galaxies in the infant universe. These cosmic artifacts challenge traditional galactic formation timelines. #jwst #galaxy #science #space #nasa,https://www.instagram.com/p/C6sv1v3u9v2/,C6sv1v3u9v2
https://www.instagram.com/nasa,115000,395,2026-04-25T09:00:00Z,Carousel,Stunning lunar eclipse sequences captured across multiple observatory stations in South America. Swipe to see totality color shifts under shadows. #eclipse #moon #science #space #nasa,https://www.instagram.com/p/C6qv1v3u0w3/,C6qv1v3u0w3
https://www.instagram.com/nasa,127000,445,2026-04-23T16:00:00Z,Image,Vibrant Hubble legacy visualization tracking supernova remnant gas expansions in the Crab Nebula. These shockwave dynamics enrich interstellar mediums. #hubble #nebula #science #space #nasa,https://www.instagram.com/p/C6ov1v3u1x4/,C6ov1v3u1x4
https://www.instagram.com/nasa,136000,480,2026-04-21T13:30:00Z,Video,Take a virtual tour of the ISS Cupola module. Astronauts capture 360-degree views of home while floating 250 miles above oceans. #iss #earth #photography #space #nasa,https://www.instagram.com/p/C6mv1v3u2y5/,C6mv1v3u2y5
https://www.instagram.com/rvcjinsta,15000,250,2026-05-18T12:00:00Z,Image,Hottest Places In India 🌡️ Summer heat is breaking all records this year! How hot is it in your city? Tell us in the comments! #rvcjinsta #india #hottest #trending #summer,https://www.instagram.com/p/C7H2Bv9u2j6/,C7H2Bv9u2j6
https://www.instagram.com/rvcjinsta,18000,310,2026-05-17T14:30:00Z,Video,Public review of the latest blockbuster movie! The public response is absolutely hilarious. Tag a friend who must watch this! #rvcjinsta #trending #movie #bollywood #fun #meme,https://www.instagram.com/p/C7Fc8v2u5k9/,C7Fc8v2u5k9
https://www.instagram.com/rvcjinsta,22000,420,2026-05-15T09:15:00Z,Carousel,Unusual facts about Indian cricket history that will blow your mind! 🇮🇳 Swipe to see the records. #rvcjinsta #india #trending #cricket #sports #fact,https://www.instagram.com/p/C7C15v7u8m4/,C7C15v7u8m4
https://www.instagram.com/rvcjinsta,12000,190,2026-05-13T16:45:00Z,Image,When you think the weekend is here but it's only Wednesday 😭 Tag your work bestie right now! #rvcjinsta #trending #fun #meme #corporate,https://www.instagram.com/p/C6903v4u9n5/,C6903v4u9n5
https://www.instagram.com/rvcjinsta,14500,220,2026-05-11T11:00:00Z,Image,Golden rule of every Indian household: Don't touch the remote when father is watching news! 📺 #rvcjinsta #india #trending #fun #meme #family,https://www.instagram.com/p/C67X2v5u1o6/,C67X2v5u1o6
https://www.instagram.com/rvcjinsta,16500,270,2026-05-09T08:20:00Z,Image,Expectation vs Reality of visiting your favorite holiday destination in peak season! ✈️ #rvcjinsta #trending #fun #meme #travel,https://www.instagram.com/p/C64v1v3u2p7/,C64v1v3u2p7
https://www.instagram.com/rvcjinsta,21000,380,2026-05-07T13:10:00Z,Video,This street food vendor in Mumbai is making unique chocolate sandwich and users are going crazy! 🥪 #rvcjinsta #india #trending #food #mumbai #fun,https://www.instagram.com/p/C62h1v3u4q8/,C62h1v3u4q8
https://www.instagram.com/rvcjinsta,13000,210,2026-05-05T15:40:00Z,Carousel,Top 5 highest peaks in India that every adventurer must explore once! Swipe to see the jaw-dropping views. #rvcjinsta #india #trending #travel #adventure,https://www.instagram.com/p/C60b1v3u5r9/,C60b1v3u5r9
https://www.instagram.com/rvcjinsta,17500,290,2026-05-03T10:30:00Z,Image,School friends vs College friends vs Corporate friends! Relatable? Tag them all! #rvcjinsta #trending #fun #meme #friends,https://www.instagram.com/p/C6yv1v3u6s0/,C6yv1v3u6s0
https://www.instagram.com/rvcjinsta,11000,150,2026-05-01T17:15:00Z,Image,When you try to sleep early but your brain starts planning to solve global warming at 2 AM 😭 #rvcjinsta #trending #fun #meme #nightlife,https://www.instagram.com/p/C6wv1v3u7t1/,C6wv1v3u7t1
https://www.instagram.com/rvcjinsta,19000,340,2026-04-29T14:00:00Z,Video,Brilliant match-winning performance by Team India! The celebration photos are here. 🇮🇳 #rvcjinsta #india #trending #cricket #sports #win,https://www.instagram.com/p/C6uv1v3u8u2/,C6uv1v3u8u2
https://www.instagram.com/rvcjinsta,15500,240,2026-04-27T11:45:00Z,Image,Parents when you score 95% in exams: 'What happened to the other 5%?' 💀 #rvcjinsta #india #trending #fun #meme #exam,https://www.instagram.com/p/C6sv1v3u9v3/,C6sv1v3u9v3
https://www.instagram.com/rvcjinsta,13500,200,2026-04-25T09:00:00Z,Carousel,Hidden gems in Delhi that you probably didn't know existed! Swipe to see location coordinates. #rvcjinsta #india #trending #travel #delhi,https://www.instagram.com/p/C6qv1v3u0w4/,C6qv1v3u0w4
https://www.instagram.com/rvcjinsta,18500,320,2026-04-23T16:00:00Z,Image,The struggles of waking up early for a 9 AM online meeting! Tag a sleepyhead. #rvcjinsta #trending #fun #meme #corporate,https://www.instagram.com/p/C6ov1v3u1x5/,C6ov1v3u1x5
https://www.instagram.com/rvcjinsta,20500,360,2026-04-21T13:30:00Z,Video,Behind the scenes of making your favorite comedy sketches! The bloopers are absolutely golden. 😂 #rvcjinsta #trending #fun #comedy #bollywood,https://www.instagram.com/p/C6mv1v3u2y6/,C6mv1v3u2y6
https://www.instagram.com/horocosmo/,188,0,2026-05-12T04:15:12.000Z,Sidecar,,https://www.instagram.com/p/DYOY6RZETJF/,DYOY6RZETJF
https://www.instagram.com/horocosmo/,177,1,2026-05-13T05:44:52.000Z,Sidecar,"Send this to yourself to claim 

Comment CLAIM if you’re ready to align with this energy ✨

The way you begin your day shapes how you recognize opportunities — especially around money, growth, and the choices you make.

A simple affirmation can shift your mindset more than you realize.

Your daily horoscope offers deeper insight into the energies guiding your day.

For more personalized guidance, connect with our astrologers on the Horocosmo app.

#Horocosmo #Astrology #Astrologer #Affirmation",https://www.instagram.com/p/DYRH97ZESBx/,DYRH97ZESBx
https://www.instagram.com/horocosmo/,183,0,2026-05-21T12:53:16.000Z,Sidecar,"The New Moon in Taurus rises on May 16th — and it is one of the most grounding, abundant lunations of the year. 🌑🌿
Taurus is ruled by Venus — the planet of love, beauty, and wealth. A New Moon here is your cosmic green light to set intentions around money, self-worth, stability, and everything you want to build that lasts.
Here's what this New Moon is activating —
💰 Your relationship with money and what you believe you deserve to earn
🌸 Self-worth — are your standards matching your desires?
🏡 Stability in your body, home, and daily life
🌱 Long-term goals that require patience, not speed
And here's what to do on May 16th —
Write down one thing you are ready to build. Not wish for. Build. Place it somewhere you see it every morning. The New Moon in Taurus rewards those who show up quietly, consistently, and without doubt.
Plant the seed tonight. Trust the roots. 🌑
💬 What are you manifesting this New Moon? Say it below — speak it into existence 👇
🔮 Get your full personalised New Moon reading on the Horocosmo app — link in bio.

#NewMoon #TaurusNewMoon #NewMoonRitual #Horocosmo #MoonMagic #Manifestation",https://www.instagram.com/p/DYmfWoYmNA6/,DYmfWoYmNA6
https://www.instagram.com/horocosmo/,183,1,2026-05-12T13:41:10.000Z,Sidecar,"Most people will scroll past May 13th without knowing what it holds 🌙

Apara Ekadashi is one of the most powerful spiritual days of the year and it's arriving in days.
Swipe through to understand why this day matters and how to honour it. 🔱🙏

💬 Are you observing the fast? Drop 🙏 below.
🔮 Daily guidance on the Horocosmo app

link in bio.

#AparaEkadashi #Ekadashi2026 #LordVishnu #Astrology #Horocosmo",https://www.instagram.com/p/DYPZrmSk1Xv/,DYPZrmSk1Xv
https://www.instagram.com/horocosmo/,700,8,2026-05-15T15:27:58.000Z,Sidecar,"Shani Jayanti falls on May 16th and this year it carries rare, extraordinary power. 🪐

It lands on a Saturday, Saturn's own day, creating what Vedic astrology calls the Shani Amavasya Yoga, an alignment so rare that remedies performed today are believed to be a hundred times more powerful than on any ordinary Shani Jayanti.

Shani Dev is not who most people think he is. He is not here to destroy you. He is the Karmaphal Daata, the one who delivers the exact result of your actions, nothing more, nothing less. The person who lives with honesty, discipline, and compassion? Shani Dev becomes their greatest protector.

Today is your opportunity to seek his grace, cleanse past karma, and ask for the strength to walk a more aligned path going forward.

#shani #shanijayanti #Horocosmo #shanidev",https://www.instagram.com/p/DYXUSfUEw3m/,DYXUSfUEw3m
https://www.instagram.com/horocosmo/,156,1,2026-05-15T05:38:47.000Z,Sidecar,"Comment CLAIM if you’re ready to align with this energy ✨

The way you begin your day shapes how you recognize opportunities — especially around money, growth, and the choices you make.

A simple affirmation can shift your mindset more than you realize.

Your daily horoscope offers deeper insight into the energies guiding your day.

For more personalized guidance, connect with our astrologers on the Horocosmo app.

#Horocosmo #Astrology #Astrologer #Affirmation",https://www.instagram.com/p/DYWQ3MbEcog/,DYWQ3MbEcog
https://www.instagram.com/horocosmo/,182,40,2026-05-21T16:13:39.000Z,Video,"Comment yours and 🌟 read about what you intuitively picked ↓

111: Your thoughts are powerful creators! This moment is asking you to align with what truly matters and trust the wisdom that’s emerging within you. You’re exactly where you need to be.

222: Balance is flowing into your life right now. Trust this cosmic alignment, partnerships and harmony are yours to claim. You’re supported in ways both seen and unseen.

333: Your creative spirit is awakening! This is your invitation to express your authentic voice and trust the guidance that’s coming through. You have important gifts to share.

444: You’re protected and supported through every step of your journey. Build from this solid foundation and know that stability is yours to claim. Your strength is undeniable.

555: Embrace the changes unfolding in your life! This energy is freeing you from old patterns and opening doors to new possibilities. You’re ready for this evolution.

666: It’s time to realign with what truly matters. Look inward and honor the balance between your material world and spiritual truth. Your inner wisdom knows the way.

777: The universe is confirming you’re on the right path! Trust this cosmic validation and keep moving forward with confidence. Your spiritual insight is expanding in powerful ways.

888: Abundance is flowing toward you! Your efforts are being recognized, and prosperity is yours to receive. Trust in this cycle of giving and receiving that you’ve created.

[ Angel Numbers, Universe Signs, Manifestation Numbers, 111, 222, 333, 444, 555, 666, 777, 888 ]

#Horocosmo #Astrology #AngelNumbers #Universe #Astrologer Zodiacs",https://www.instagram.com/p/DYm2NvfTxOa/,DYm2NvfTxOa
https://www.instagram.com/horocosmo/,159,1,2026-05-14T05:54:59.000Z,Sidecar,"Comment CLAIM if you’re ready to align with this energy ✨

The way you begin your day shapes how you recognize opportunities — especially around money, growth, and the choices you make.

A simple affirmation can shift your mindset more than you realize.

Your daily horoscope offers deeper insight into the energies guiding your day.

For more personalized guidance, connect with our astrologers on the Horocosmo app.

#Horocosmo #Astrology #Astrologer #Affirmation",https://www.instagram.com/p/DYTt69vEd5o/,DYTt69vEd5o
https://www.instagram.com/horocosmo/,68,2,2026-05-10T13:15:00.000Z,Video,"Toh problem ye thi 😰
Lekin ab aage karna kya hai ? 

#horocosmo #astrology #astroarunpandit #stories #series",https://www.instagram.com/p/DYKNLGJy61T/,DYKNLGJy61T
https://www.instagram.com/horocosmo/,135,0,2026-05-22T00:30:53.000Z,Sidecar,"Comment CLAIM if you’re ready to align with this energy ✨

The way you begin your day shapes how you recognize opportunities — especially around money, growth, and the choices you make.

A simple affirmation can shift your mindset more than you realize.

Your daily horoscope offers deeper insight into the energies guiding your day.

For more personalized guidance, connect with our astrologers on the Horocosmo app.

#Horocosmo #Astrology #Astrologer #Affirmation",https://www.instagram.com/p/DYnvHvLkyHh/,DYnvHvLkyHh
https://www.instagram.com/horocosmo/,854,0,2026-05-11T06:06:55.000Z,Sidecar,"Weekly Horoscope |  11 May – 16 May
🔮

Step into the week with clarity and cosmic insight! Your personalized Moon Sign predictions are here to light your path. 🌙✨

💬 Share your thoughts, wins, and reflections in the comments — we love hearing from you!

👉 Swipe to reveal this week’s powerful mantra and realign your energy with the universe. 🌌
Wishing you a harmonious and uplifting week ahead. 💫

✨ Curious about what the month holds? Dive into your Monthly Horoscope on Horocosmo — your ultimate celestial companion.
🔗 Tap the link in bio to explore!

राधे राधे 🙏

[Weekly Horoscope, Moon Sign Prediction, Astro Remedies, Vedic Astrology, Aaj Ka Rashifal, Astro Arun Pandit, Kundali Tips, Dainik Rashifal, Daily Astrology Tips, Best Astrologer Advice, Horocosmo]

#astrology #weeklyhoroscope #vedicastrology #astroarunpandit #horocosmo",https://www.instagram.com/p/DYMA5sdkQ0r/,DYMA5sdkQ0r
https://www.instagram.com/horocosmo/,2004,3,2026-05-11T06:09:20.000Z,Sidecar,"जानिए कैसा होगा आपका साप्ताहिक राशिफल 11 मई से 16 मई 2026 का…

कमेंट्स में अपने व्यूज शेयर करना न भूलें।

आपका सप्ताह खुशियों से भरा रहे..

Explore your horoscope, comment your experiences below, and let’s discuss!

Share this with friends and family, add it to your story, and tag @astroarunpandit to spread the astrological insights!

राधे राधे 🙏

[ Daily Horoscope, Moon Sign Prediction, Today’s Horoscope, Daily Horoscope By Astro Arun Pandit, Dainik Rashifal, Aaj Ka Rashifal, astrology, Daily Astro Remedies By Astro Arun Pandit, vedic astrology, best astrologer, vedic astrology, kundali, famous astrologer, astrology remedies ]

#dailyhoroscope #Horocosmo #astroarunpandit #astrology #bestastrologer",https://www.instagram.com/p/DYMBLXLERQt/,DYMBLXLERQt
https://www.instagram.com/horocosmo/,165,0,2026-05-07T03:27:07.000Z,Sidecar,"Comment CLAIM if you’re ready to align with this energy ✨

The way you begin your day shapes how you recognize opportunities — especially around money, growth, and the choices you make.

A simple affirmation can shift your mindset more than you realize.

Your daily horoscope offers deeper insight into the energies guiding your day.

For more personalized guidance, connect with our astrologers on the Horocosmo app.

#Horocosmo #Astrology #Astrologer #Affirmation",https://www.instagram.com/p/DYBbbuOESTi/,DYBbbuOESTi
https://www.instagram.com/horocosmo/,135,0,2026-05-21T06:26:18.000Z,Sidecar,"Comment CLAIM if you’re ready to align with this energy ✨

The way you begin your day shapes how you recognize opportunities — especially around money, growth, and the choices you make.

A simple affirmation can shift your mindset more than you realize.

Your daily horoscope offers deeper insight into the energies guiding your day.

For more personalized guidance, connect with our astrologers on the Horocosmo app.

#Horocosmo #Astrology #Astrologer #Affirmation",https://www.instagram.com/p/DYlzEbtkb7L/,DYlzEbtkb7L
https://www.instagram.com/horocosmo/,156,0,2026-05-16T06:44:36.000Z,Sidecar,"Comment CLAIM if you’re ready to align with this energy ✨

The way you begin your day shapes how you recognize opportunities — especially around money, growth, and the choices you make.

A simple affirmation can shift your mindset more than you realize.

Your daily horoscope offers deeper insight into the energies guiding your day.

For more personalized guidance, connect with our astrologers on the Horocosmo app.

#Horocosmo #Astrology #Astrologer #Affirmation",https://www.instagram.com/p/DYY9MDTEb63/,DYY9MDTEb63
https://www.instagram.com/natgeo,8230,115,2026-05-19T19:00:01.000Z,Image,"For many travelers, food is an integral part of what makes a destination “the best.” We couldn’t agree more. That’s why we asked our global writers and editors to follow their appetites to the most delicious—and intriguing—places. The result? 15 Best of the World Food experiences to build your next trip around. More than a pin on a map, these top spots reveal hidden histories, rising culinary stars, and surprising flavors that will leave you hungry for more.

From Europe’s next great dining destination to the American Midwest’s most vibrant food scene, explore Nat Geo's Best of the World 2026 Food experiences list at the link in bio. 

Photograph by Dylan Alcock",https://www.instagram.com/p/DYhxoDEk1NU/,DYhxoDEk1NU
https://www.instagram.com/natgeo,21627,93,2026-05-21T22:30:01.000Z,Image,"In 2015 in Tanzania’s Serengeti National Park, photographer @stephenwilkes and his assistant spent 26 hours perched above a watering hole, documenting elephants, zebras, and other wildlife as they moved across the landscape. To create the image, Wilkes combined a selection of more than 2,000 frames into a single layered composite—creating a sweeping portrait of life unfolding from night to day around the water’s edge.

Explore more iconic stories and images like this in our Nat Geo archive at the link in bio.",https://www.instagram.com/p/DYnViUdDgHB/,DYnViUdDgHB
https://www.instagram.com/natgeo,63365,182,2026-05-20T15:05:17.000Z,Sidecar,"These images from @stevewinterphoto in western India capture a species few people realize still survives outside Africa. Nearly 900 Asiatic lions roam in and around Gir National Park thanks to decades of conservation work. But as the lions travel beyond protected areas, many now move through the same landscapes where Maldhari herders raise buffalo, and farmers work the land. While local officials help nearby communities manage coexistence with the big cats, safeguarding their future is becoming increasingly complex.

Uncover more about the world’s last wild Asiatic lions at the link in bio.",https://www.instagram.com/p/DYkJqo9CGsU/,DYkJqo9CGsU
https://www.instagram.com/natgeo,30390,234,2026-05-20T13:00:03.000Z,Video,"Bees do so much for us, and we can do something to help them out in return.

This World Bee Day, learn more about how we can bee good to the bees by watching #SecretsOfTheBees, now streaming on @DisneyPlus and @hulu.",https://www.instagram.com/p/DYj0UnoiVAD/,DYj0UnoiVAD
https://www.instagram.com/natgeo,24362,123,2026-05-17T19:05:43.000Z,Video,"Is there anything more relaxing than the sound of a waterfall? 😌

#FiennesReturnToTheWild is now streaming on @DisneyPlus.",https://www.instagram.com/p/DYc2vTfACqQ/,DYc2vTfACqQ
https://www.instagram.com/natgeo,53496,319,2026-05-18T16:01:12.000Z,Video,"Each year, millions of antelope traverse South Sudan, moving toward permanent water and greener grass during the dry season and spreading out across tens of thousands of square miles when the rains return. For decades, the largest land mammal migration on Earth was masked by the brutal conflict in the region, but the relative peace of recent years has brought new pressures, as people looking to restart their lives are expanding settlements. Nat Geo photographer Marcus Westberg @marcuswestbergphotography has filmed this massive migration by drone, and his groundbreaking footage shows the immense scale of this natural wonder.

Learn more about current threats to the migration and the people who are trying to protect it at the link in bio.",https://www.instagram.com/p/DYfGX7hASV5/,DYfGX7hASV5
https://www.instagram.com/natgeo,16453,89,2026-05-19T21:00:03.000Z,Video,"Even in a galaxy far, far away, our own world shines through. Join Jon Favreau—director of Star Wars: The Mandalorian and Grogu and executive producer of National Geographic’s Lion—along with Sigourney Weaver and Pedro Pascal as they explore how nature inspired and shaped the world of The Mandalorian and Grogu.
 
Experience @StarWars: The Mandalorian and Grogu, only in theaters and IMAX, this Friday. National Geographic's Lion is coming soon.",https://www.instagram.com/p/DYh0pQXFWAf/,DYh0pQXFWAf
https://www.instagram.com/natgeo,62186,232,2026-05-20T21:42:06.000Z,Video,"A new study reveals that beluga whales can recognize themselves in mirrors, using the tools to peer at themselves, watch themselves do barrel rolls, and examine their own mouths. The whales join a small but growing group of animals, including great apes, magpies, and cleaner wrasse fish, who have an ability once thought to be uniquely human.

In this video, Natasha and her daughter Maris blow bubbles and perform barrel rolls, demonstrating mirror self-recognition with a mirror placed in their shared pool.

Find out what this means for beluga self-awareness and see more videos at the link in bio.",https://www.instagram.com/p/DYk3A6PGqTR/,DYk3A6PGqTR
https://www.instagram.com/natgeo,21090,517,2026-05-19T14:49:39.000Z,Image,"For years, scientists have attempted to replicate the natural design of the eggshell, and while they've successfully hatched chicks outside of their original eggs before, successfully replicating an egg has proven elusive—until now. The company Colossal Biosciences claims to have mastered a design, hatching 26 healthy chicks, including this one. While the report comes without a peer-reviewed paper, Colossal says the achievement is a key step toward resurrecting extinct species like the dodo. 

Learn more about these chicks and de-extinction initiatives at the link in bio. 

Photograph by Colossal Biosciences",https://www.instagram.com/p/DYhjETpk0CU/,DYhjETpk0CU
https://www.instagram.com/natgeo,24053,130,2026-05-21T17:00:01.000Z,Sidecar,"There are so many secrets left to uncover! 

Next year, National Geographic Explorers Bertie Gregory and Dr. Rae Wynn-Grant travel the globe to meet our planet’s eight extraordinary species of bear. And then dive into the deep end with Bertie and Dr. Diva Amon as they journey into the ocean’s most unexplored realms around the world for a look at creatures in Earth’s most mysterious and least understood ecosystem.

Stay tuned for #SecretsOfTheBears (working title), coming next year, and #SecretsOfTheDeep (working title), coming soon.",https://www.instagram.com/p/DYmvU3pDOd0/,DYmvU3pDOd0
https://www.instagram.com/natgeo,31829,143,2026-05-21T19:30:16.000Z,Sidecar,"A newly identified prehistoric sea predator now shares one of paleontology’s most recognizable names. 

After reexamining fossils from museums across the U.S., experts have discovered a previously unknown species of mosasaur that reigned supreme 80 million years ago. Known as Tylosaurus rex, or T. rex (“king of the Tylosaurs""), the giant marine reptile reached 43 feet (13.1 meters) long and had an incredibly powerful jaw, giving researchers a clearer picture of how mosasaurs evolved into some of the top predators of their time. 

See what set Tylosaurus rex apart from other mosasaurs at the link in bio.

Illustration courtesy of Alderon Games, Path of Titans/AMNH",https://www.instagram.com/p/DYnMxv-oO-v/,DYnMxv-oO-v
https://www.instagram.com/natgeo,28238,101,2026-05-18T13:00:01.000Z,Image,"Sperm whales, like this adult and calf swimming near Dominica and captured by @brianskerry, “speak” in clicks, which they make in rhythmic series called codas. In what may be the largest interspecies communication effort in history, scientists are using machine learning to try to decode what these animals say to one another.

Dive deeper into the work @projectceti and Nat Geo Explorer @davidfgruber are doing to decipher the language of sperm whales at the link in bio.",https://www.instagram.com/p/DYdUch_lnuR/,DYdUch_lnuR
https://www.instagram.com/natgeo,33819,112,2026-05-17T13:19:21.000Z,Video,"Unwind with a little assistance from some underwater coral. 🪸

#AmericasNationalParks is streaming on @DisneyPlus and @hulu.",https://www.instagram.com/p/DYcPBAmAtVv/,DYcPBAmAtVv
https://www.instagram.com/natgeo,105692,5908,2026-05-18T22:12:34.000Z,Video,"This cheese is banned across Europe, but in Sardinia it's a local delicacy. Rooted in the island’s pastoral traditions, casu marzu is a soft, spreadable cheese with a sharp flavor and smell. The unusual creation process—during which maggots eat and excrete the cheese—may surprise visitors and curious foodies on social media, but artisanal cheesemakers continue to champion it as part of everyday rural life.

Learn about the history of this legendary Sardinian cheese at the link in bio. 

Video by @gianlucalanciai",https://www.instagram.com/p/DYfw5Begn4R/,DYfw5Begn4R
https://www.instagram.com/natgeo,45193,514,2026-05-19T16:00:09.000Z,Video,"@antoni is on a quest to find the best sights, tastes, and experiences the world has to offer, and you're invited. 

#BestOfTheWorld with Antoni Porowski premieres Sunday, June 7 at 9/8c on National Geographic. Stream on @DisneyPlus and @hulu",https://www.instagram.com/p/DYhkH24lf3j/,DYhkH24lf3j
https://www.instagram.com/virat.kohli/,3283695,29772,2026-02-10T04:06:32.000Z,Video,"Introducing Duroflex Airboost.

India’s latest sleep-tech for adaptive comfort. 
- 1 lakh+ adaptive fibers 
- 3x breathability
- ⁠Restores energy, strengthens posture & deepens recovery
🔗 Meet the next generation of restorative sleep. Link in bio.

#AD #Airboost #ViratKohli",https://www.instagram.com/p/DUkDWOYiL8x/,DUkDWOYiL8x
https://www.instagram.com/virat.kohli/,11896344,182360,2026-01-01T08:05:00.000Z,Image,💫,https://www.instagram.com/p/DS9fE0skfUp/,DS9fE0skfUp
https://www.instagram.com/virat.kohli/,18168311,731975,2026-03-11T04:53:13.000Z,Video,IPL 2026 ⏳,https://www.instagram.com/p/DVuz3sDCIGe/,DVuz3sDCIGe
https://www.instagram.com/virat.kohli/,12497563,155389,2026-02-05T19:32:15.000Z,Image,"Champions again 🏆⭐️⭐️. Keeping the rcb flag flying high and something that each one of you can be Proud of. To smriti @smriti_mandhana and the whole squad and the management team, a big congratulations for this tremendous victory. You guys deserve this undoubtedly. Enjoy the moment and embrace the love of our amazing fans @royalchallengers.bengaluru ❤️🏆",https://www.instagram.com/p/DUY07Xyjf1Y/,DUY07Xyjf1Y
https://www.instagram.com/virat.kohli/,8545532,124192,2026-01-22T06:00:24.000Z,Video,"Sun, sand… and a little surprise!

Join us as we explore Dubai’s quiet deserts, beaches and wander through colourful streets (dance moves included!). From chole bhature to skyline views, every moment in Dubai is full of surprises; big or small, but always unforgettable. Ready to see what the city has in store for you?

#Ad #VisitDubai",https://www.instagram.com/p/DTzVFyJCBof/,DTzVFyJCBof
https://www.instagram.com/virat.kohli/,10332151,241845,2026-01-08T17:12:33.000Z,Sidecar,🏏,https://www.instagram.com/p/DTQfTTfkni5/,DTQfTTfkni5
https://www.instagram.com/virat.kohli/,13452324,324570,2026-03-08T17:25:12.000Z,Image,Champions once again ⭐️⭐️⭐️. Phenomenal victory for us in the big final at Ahmedabad. Great character shown by the boys under pressure throughout the tournament and absolutely no one could come close to this talented bunch of players. Congratulations to the whole management and the whole support staff group for being part of this amazing feat. Very well deserved. Jai Hind 🇮🇳❤️,https://www.instagram.com/p/DVobGBGjbwk/,DVobGBGjbwk
https://www.instagram.com/virat.kohli/,3149845,45064,2026-05-20T06:13:53.000Z,Video,"About twenty-five years ago, a man took a bet on a boy. My first coach, Rajkumar Sharma sir (@rajkumarcricket ), who taught me everything I know.
Seam XVIII is a tribute to cricket and the first pair belongs to the coach who made it all possible.
I’ve held trophies, I’ve lifted cups. But handing sir this box hit different. This is my way of thanking the man who taught me the game that gave me everything.
Thank you, Sir. Always.",https://www.instagram.com/p/DYjMlcbNvy1/,DYjMlcbNvy1
https://www.instagram.com/virat.kohli/,14048801,212480,2025-11-02T18:51:24.000Z,Image,The girls have created history and I couldn’t be more proud as an Indian to see the hard work of so many years come to life finally. They deserve all the applause and a big congratulations to Harman and the whole team for achieving this historic feat. Also congratulations to the whole squad and the management for the work behind the scenes. Well done india. Enjoy the moment to the fullest. This will inspire generations of girls to take up the sport in our country. Jai hind 🙏❤️🇮🇳,https://www.instagram.com/p/DQkJWrZDfyV/,DQkJWrZDfyV
https://www.instagram.com/virat.kohli/,4261945,49114,2025-12-12T12:32:44.000Z,Video,"This is more than a logo - this is the future of one8. 

#one8 #logoreveal",https://www.instagram.com/p/DSKdvOwkQsw/,DSKdvOwkQsw
https://www.instagram.com/virat.kohli/,15692131,246796,2025-12-31T14:40:50.000Z,Image,Stepping into 2026 with the light of my life ❤️😇 @anushkasharma,https://www.instagram.com/p/DS7nlKVkZWw/,DS7nlKVkZWw
https://www.instagram.com/virat.kohli/,3349010,23638,2025-12-08T04:34:06.000Z,Video,"Today marks the beginning of an exciting new chapter straight from my heart. A new journey begins for one8 and Agilitas, driven by purpose and ambition. Taking one8 home to Agilitas.",https://www.instagram.com/p/DR_TeHFCB9m/,DR_TeHFCB9m
https://www.instagram.com/virat.kohli/,3907061,48194,2026-02-12T06:01:53.000Z,Video,"Alibaug just keeps getting better. Excited to see Ananta by Avās ( @avaswellness ) come to life. With the Avās Racquet Club now featuring padel, pickleball, and tennis courts, along with a top-notch recovery centre complementing the Avās Wellness Club, this truly feels like a game-changer. Can’t wait to spend more time here!

#Ad #avaswellness #anantabyavas #avasracquetclub #baughofwonders",https://www.instagram.com/p/DUpaMSFjYM4/,DUpaMSFjYM4
https://www.instagram.com/virat.kohli/,2208418,15235,2026-05-21T03:25:00.000Z,Video,"𝗧𝗵𝗲 𝗠𝗶𝗻𝗱𝘀𝗲𝘁 𝗼𝗳 𝗮 𝗖𝗵𝗮𝗺𝗽𝗶𝗼𝗻 𝗳𝘁. 𝗩𝗶𝗿𝗮𝘁 𝗞𝗼𝗵𝗹𝗶 😇

Discipline, self-belief, consistency, the mental and lifestyle adjustments that he had to make, hunger to perform, setting high standards for himself and the rest of the team - watch Virat Kohli’s masterclass, on what it takes to deliver 𝘗𝘦𝘢𝘬 𝘗𝘦𝘳𝘧𝘰𝘳𝘮𝘢𝘯𝘤𝘦 at the highest level, only on the RCB Podcast. 🎬🎙️

#PlayBold #ನಮ್ಮRCB",https://www.instagram.com/p/DYleZMHz9z5/,DYleZMHz9z5
https://www.instagram.com/virat.kohli/,0,0,2026-05-22T13:02:10.551746,Image,,https://www.instagram.com/virat.kohli/,
https://www.instagram.com/adityakundli/,470,13,2026-05-21T14:14:07.000Z,Video,पॉडकास्ट से पहले थोड़ी सी मस्ती 🧿! #ghanshyamupadhyaypodcast #ghanshyamupadhyayshow #ghanshyamupadhyayunfiltered #masti #enjoy,https://www.instagram.com/p/DYmoaRzyk6h/,DYmoaRzyk6h
https://www.instagram.com/adityakundli/,19339,85,2025-10-21T11:48:55.000Z,Image,"विश्वास रखो और इंतज़ार करो… सही समय सब बदल देता है - यही गीता का उपदेश है 🙏🏻

#गीता_उपदेश #श्रीकृष्ण #भगवद्गीता #कृष्ण #SanatanDharma #Motivation #SpiritualQuotes #AdityaKundli",https://www.instagram.com/p/DQEfd1RkUru/,DQEfd1RkUru
https://www.instagram.com/adityakundli/,8444,67,2026-05-21T17:00:39.000Z,Video,"काली उड़द और ये अभिषेक दिलाएंगे हर संकट से मुक्ति ✨

क्या जीवन में बार-बार रुकावटें, तनाव या अचानक समस्याएँ बढ़ रही हैं? 
कभी मेहनत के बाद भी सफलता दूर लगती है? 
तो हो सकता है आपकी ऊर्जा को दिव्य शुद्धि की आवश्यकता हो।

💡 सच ये है – 
अभिषेक केवल पूजा नहीं, 
बल्कि वह आध्यात्मिक प्रक्रिया है 
जो नकारात्मकता को शांत कर 
जीवन में शांति, शक्ति और कृपा का प्रवाह बढ़ाती है।

शास्त्रों में कुछ विशेष अभिषेक ऐसे बताए गए हैं 
जो ग्रह बाधा, मानसिक तनाव और जीवन के संकटों को कम करने में अत्यंत प्रभावशाली माने जाते हैं।

अगर आप जानना चाहते हैं 👇 
➡️ कौन-से शुभ अभिषेक सबसे अधिक फलदायी माने जाते हैं 
➡️ किस अभिषेक से कौन-सा संकट दूर होता है 
➡️ और कैसे इनसे जीवन में सुख, शांति और सकारात्मकता आती है 

तो यह वीडियो अंत तक अवश्य देखें 
और कमेंट में लिखें — “हर हर महादेव” 🔱✨

[Spiritual Remedies, Divine Abhishek, Aditya Kundli, Sakshi Thakur, Sanjeev Thakur]

#ShubhAbhishek #MahadevKripa #AdityaKundli #SpiritualHealing #AstroCouple PositiveEnergy",https://www.instagram.com/p/DYm7ZsEIihp/,DYm7ZsEIihp
https://www.instagram.com/adityakundli/,6882,70,2026-05-21T11:30:11.000Z,Video,"2 जून गुरु गोचर: वृषभ राशि वालों के लिए छप्परफाड़ कामयाबी! 🚀 | Jupiter Transit
वृषभ राशि के लिए जून में बड़ा बदलाव आने वाला है #astrology #taurus #horoscope 
How will the Jupiter transit affect Vrishabh Rashi from June to October? Astrologers Sakshi and Sanjeev Thakur reveal massive predictions for your wealth and career.

In this explosive segment of the Digital Jockey Podcast, Sanjeev Thakur and Sakshi deep dive into the major planetary shift of Guru Gochar 2026. 2 जून के बाद वृषभ राशि (Taurus) के जातकों के जीवन में एक स्वर्णिम काल शुरू होने वाला है। We explore the Vrishabh Rashi June to October horoscope predictions and how the movement of Guru Grah (Jupiter) will impact your financial stability, job promotions, and family relationships over the coming months.

If you want to understand your detailed Taurus horoscope, learn ancient Vedic astrology remedies to unlock hidden opportunities, or want to know your daily aaj ka rashifal cycle during this transition, this astrology shorts video is a complete roadmap. Master your destiny and align your energy with cosmic abundance to make the most of this period.

Key Topics Covered:

In-depth analysis of Jupiter transit Vrishabh Rashi effects.

Months covered: Crucial June to October astrology forecast.

Sanjeev Thakur and Sakshi’s expert guidance for Taurus natives.

Predictions on career growth, sudden money flow, and relationship luck.

jupiter transit vrishabh rashi, vrishabh rashi june to october, Sanjeev Thakur astrology, Sakshi astrologer podcast, Digital Jockey podcast, taurus horoscope transit 2026, vrishabh rashifal hindi, guru gochar 2026 predictions, aaj ka rashifal vrishabh, vaidik jyotish tips, monthly horoscope prediction, Tushar Kaushik podcast, taurus wealth and career, luck and destiny secrets, guru grah ka gochar,

#VrishabhRashi #JupiterTransit GuruGochar SanjeevThakur DigitalJockey AstrologyPredictions TaurusHo",https://www.instagram.com/p/DYmV4kNpXGh/,DYmV4kNpXGh
https://www.instagram.com/adityakundli/,2834,36,2026-05-22T00:30:00.000Z,Sidecar,"22 मई 2026 | जानें आज का राशिफल✨

हर दिन कुछ नया कहता है और आज का दिन खास है उन लोगों के लिए जो सही समय पर सही दिशा चाहते हैं।

यह राशिफल आपकी चंद्र राशि पर आधारित है, जिससे आपको मिलेगी अधिक सटीक और प्रभावशाली जानकारी।

Check Story for दैनिक upay – जो बना सकता है आज के दिन को थोड़ा और बेहतर !
Kya pata, yahi ek chhota sa upay ban jay bade badlav ki shuruaat!

[Aditya Kundli, Sakshi Thakur, Sanjeev Thakur, Astro Couple, Smart Astrologer, Daily Horoscope, Remedies that works, Daily Predictions, May  2026]

#AdityaKundli #SakshiThakur #SanjeevThakur DailyHoroscope ZodiacSi",https://www.instagram.com/p/DYnvIT4jBzM/,DYnvIT4jBzM
https://www.instagram.com/adityakundli/,3818,46,2026-05-22T17:00:12.000Z,Video,"शिव अभिषेक से आसान होंगी जीवन की हर मुश्किल ✨

क्या बार-बार रुकावटें आ रही हैं?
काम बनते-बनते बिगड़ जाते हैं?
मन अशांत रहता है और प्रयासों के बाद भी सफलता दूर लगती है?

🔱 सच ये है —
भगवान शिव का अभिषेक केवल एक पूजा नहीं,
बल्कि नकारात्मक ऊर्जा को शांत कर
जीवन में शक्ति, शांति और मार्गदर्शन लाने का दिव्य माध्यम माना गया है।

लेकिन सही विधि और सही भाव से किया गया शिव अभिषेक
ही वास्तविक फल प्रदान करता है।

अगर आप जानना चाहते हैं👇
➡️ कौन-सा शिव अभिषेक सबसे प्रभावशाली माना जाता है
➡️ किस सामग्री से मिलता है विशेष फल
➡️ और कैसे महादेव की कृपा से कठिन रास्ते भी आसान होने लगते हैं

तो यह वीडियो अंत तक ज़रूर देखें
और कमेंट में लिखें — “हर हर महादेव” 🔱✨

[Shiv Abhishek, Mahadev Blessings, Aditya Kundli, Sakshi Thakur, Sanjeev Thakur, Smart Astrologer, Astro Couple, Spiritual]

#ShivAbhishek #HarHarMahadev #MahadevKripa #AdityaKundli #SpiritualEnergy ShivBhakti",https://www.instagram.com/p/DYpgaIPzW8t/,DYpgaIPzW8t
https://www.instagram.com/adityakundli/,664,15,2026-05-21T10:26:52.000Z,Video,साक्षी ठाकुर! #ghanshyamupadhyaypodcast #ghanshyamupadhyayshow #viralreeĺs,https://www.instagram.com/p/DYmODJxSZtc/,DYmODJxSZtc
https://www.instagram.com/adityakundli/,2897,38,2025-10-13T14:55:45.000Z,Sidecar,"A moment to remember, a milestone to cherish, reminders of the dedication that defines our journey. ✨

#ProfessionalPride #GoldenMemories #ContinuingExcellence",https://www.instagram.com/p/DPwOfO8DPTi/,DPwOfO8DPTi
https://www.instagram.com/adityakundli/,1509,16,2026-05-23T00:30:02.000Z,Sidecar,"23 मई 2026 | जानें आज का राशिफल✨

हर दिन कुछ नया कहता है और आज का दिन खास है उन लोगों के लिए जो सही समय पर सही दिशा चाहते हैं।

यह राशिफल आपकी चंद्र राशि पर आधारित है, जिससे आपको मिलेगी अधिक सटीक और प्रभावशाली जानकारी।

Check Story for दैनिक upay – जो बना सकता है आज के दिन को थोड़ा और बेहतर !
Kya pata, yahi ek chhota sa upay ban jay bade badlav ki shuruaat!

[Aditya Kundli, Sakshi Thakur, Sanjeev Thakur, Astro Couple, Smart Astrologer, Daily Horoscope, Remedies that works, Daily Predictions, May  2026]

#AdityaKundli #SakshiThakur #SanjeevThakur DailyHoroscope ZodiacSi",https://www.instagram.com/p/DYqT9RMmgHf/,DYqT9RMmgHf
https://www.instagram.com/adityakundli/,4126,62,2025-10-11T03:43:56.000Z,Sidecar,"Moments that stay close to heart.❤️ 
Some memories never fade - they just remind us of beautiful times and proud smiles. 🌸

#Memories #Throwback #GoodTimes #CherishedMoments #Flashback #LifeSnapshots #TimelessVibes #GratefulHeart",https://www.instagram.com/p/DPp4A9hCFXN/,DPp4A9hCFXN
https://www.instagram.com/adityakundli/,5901,34,2026-05-22T06:21:11.000Z,Video,"नौतपा 25 मई से 2 जून हो जाओ सावधान😱😟
.
.
#viralreels #astrology #vastu #notapa #bestastrologer",https://www.instagram.com/p/DYoWv--Jhnh/,DYoWv--Jhnh
https://www.instagram.com/adityakundli/,11004,52,2026-05-20T23:30:00.000Z,Video,"हे नाथ नारायण वासुदेव! 📿

#astrology #viralreels #bestastrologer #ai #shreekrishna",https://www.instagram.com/p/DYlDflBIFSI/,DYlDflBIFSI
https://www.instagram.com/adityakundli/,27246,990,2026-05-20T12:58:09.000Z,Video,"21 मई का खास संयोग खोल सकता है धन के बंद द्वार! ✨

जब गुरु गोचर और प्रदोष व्रत एक साथ आते हैं,तो यह सिर्फ एक तिथि नहीं…बल्कि भाग्य बदलने वाला दुर्लभ अवसर बन जाता है।

क्या हाल ही में धन रुक रहा है?मेहनत के बाद भी परिणाम अधूरे मिल रहे हैं?तो हो सकता है आपकी कुंडली को इसी दिव्य ऊर्जा का इंतज़ार हो।

💡 सच ये है —गुरु ग्रह का परिवर्तन ज्ञान, धन और विस्तार का संकेत देता है,और प्रदोष व्रत भगवान शिव की कृपा प्राप्त करने का सबसे शक्तिशाली माध्यम माना जाता है।

इस विशेष दिन पर किए गए छोटे-छोटे उपाय भीजीवन में धन, अवसर और सकारात्मक बदलाव ला सकते हैं। ✨

अगर आप जानना चाहते हैं👇➡️ 21 मई का यह योग किन लोगों के लिए सबसे शुभ है➡️ कौन-सा उपाय धन के रास्ते खोल सकता है➡️ और कैसे इस दिव्य संयोग का पूरा लाभ लें

तो वीडियो अंत तक ज़रूर देखें!

[Guru Gochar, Pradosh Vrat, Aditya Kundli, Sakshi Thakur]

#GuruGochar #PradoshVrat #DhanYog #AdityaKundli #AstroCouple SpiritualRemedies",https://www.instagram.com/p/DYj6bPCMKuW/,DYj6bPCMKuW
https://www.instagram.com/adityakundli/,2375,24,2026-05-21T00:30:00.000Z,Sidecar,"21 मई 2026 | जानें आज का राशिफल✨

हर दिन कुछ नया कहता है और आज का दिन खास है उन लोगों के लिए जो सही समय पर सही दिशा चाहते हैं।

यह राशिफल आपकी चंद्र राशि पर आधारित है, जिससे आपको मिलेगी अधिक सटीक और प्रभावशाली जानकारी।

Check Story for दैनिक upay – जो बना सकता है आज के दिन को थोड़ा और बेहतर !
Kya pata, yahi ek chhota sa upay ban jay bade badlav ki shuruaat!

[Aditya Kundli, Sakshi Thakur, Sanjeev Thakur, Astro Couple, Smart Astrologer, Daily Horoscope, Remedies that works, Daily Predictions, May  2026]

#AdityaKundli #SakshiThakur #SanjeevThakur DailyHoroscope ZodiacSi",https://www.instagram.com/p/DYlKWfmjMuE/,DYlKWfmjMuE
https://www.instagram.com/adityakundli/,858,930,2026-05-21T10:17:47.000Z,Sidecar,"क्या आपकी सोच को भी राहु control कर रहा है ? 

#rahu #astrology #astro #rahuupay #upay",https://www.instagram.com/p/DYmNj4DESSP/,DYmNj4DESSP
https://www.instagram.com/astroarunpandit/,7149,31,2026-05-22T00:30:11.000Z,Sidecar,"22 May 2026 – Daily Horoscope by Astro Arun Pandit ✨

The planets shift, energies change, and each day brings a new message from the universe. 🌙✨

What do the stars have in store for you today?
This Moon Sign (Chandra Rashi)–based Daily Horoscope offers guidance for your career, relationships, health, and mindset, helping you move through the day with clarity and balance. 💫

Stay aligned with cosmic energies.
👉 Don’t forget to share this with your friends - because their day, too, is written in the stars. 🌌

🌸 Radhe Radhe 🌸

[ Astrology, Astro Arun Pandit, Rashifal, Prediction, Horoscope, Today’s Rashifal ]

#AstroArunPandit #Astrology #DailyHoroscope #Rashifal #TodaysHoroscope #Predictions",https://www.instagram.com/p/DYnvHBmk7hC/,DYnvHBmk7hC
https://www.instagram.com/astroarunpandit/,3283,130,2026-03-21T07:31:47.000Z,Sidecar,"From studying astrology as a discipline…
to being recognised among Forbes India’s 30 Under 30 Young Impact Leaders.

This honour belongs to every person who chose awareness over fear and knowledge over blind belief.

Astrology was never meant to scare people.
It was meant to guide them.

Grateful for the trust and support of this incredible community.

#ForbesIndia
#30Under30
#astroarunpandit",https://www.instagram.com/p/DWI2EsgEbZc/,DWI2EsgEbZc
https://www.instagram.com/astroarunpandit/,7260,30,2026-05-22T08:30:09.000Z,Video,"Transform Your Home with 5 Vastu Plants! ✨

1. Golden Pothos: Southeast (Wealth & Oxygen)

2. Rubber Plant: Southwest living room (Success)

3. Jade Plant: Entrance (Growth & Luck)

4. Snake Plant: East balcony (Detox & Stress relief)

5. Peace Lily: Bedroom window (Peace & Calm)

Bring positive energy and prosperity home today!

 [ Vastu plants, indoor plants, wealth, prosperity, home energy, Astro Arun Pandit ]
.
.
#VastuPlants #LuckyPlants #AstroArunPandit #HomeDecor #PositiveVibes",https://www.instagram.com/p/DYomCGLhtyc/,DYomCGLhtyc
https://www.instagram.com/astroarunpandit/,39386,337,2026-05-21T10:32:18.000Z,Video,"Jab Shani Dev Raja Vikramaditya ke darbaar mein pahuche, toh unke ahankar ko todne ke liye unhone ek aisi pariksha li jiske baare mein Raja ne kabhi sapne mein bhi nahi socha tha.

Ahankar chahe kitna bhi bada ho, karma ke samne sabko jhukna hi padta hai. Jab Shani Dev ki Sadhesati shuru hoti hai, toh insan ka sabse bada imtihan hota hai. 

[ Astro Arun Pandit, Shani Dev, Sadhesati, Raja Vikramaditya, Karma, Astrology, Astro Arun Pandit, Destiny, Mythological Stories, Shani Grah, Nyay ke Devta ]
.
.
#ShaniDev #Sadhesati #Karma #AstroArunPandit #Astrology",https://www.instagram.com/p/DYmPC-GhK5S/,DYmPC-GhK5S
https://www.instagram.com/astroarunpandit/,7636,56,2026-05-23T00:30:21.000Z,Sidecar,"23 May 2026 – Daily Horoscope by Astro Arun Pandit ✨

The planets shift, energies change, and each day brings a new message from the universe. 🌙✨

What do the stars have in store for you today?
This Moon Sign (Chandra Rashi)–based Daily Horoscope offers guidance for your career, relationships, health, and mindset, helping you move through the day with clarity and balance. 💫

Stay aligned with cosmic energies.
👉 Don’t forget to share this with your friends - because their day, too, is written in the stars. 🌌

🌸 Radhe Radhe 🌸

[ Astrology, Astro Arun Pandit, Rashifal, Prediction, Horoscope, Today’s Rashifal ]

#AstroArunPandit #Astrology #DailyHoroscope #Rashifal #TodaysHoroscope #Predictions",https://www.instagram.com/p/DYqT7F6jS0z/,DYqT7F6jS0z
https://www.instagram.com/astroarunpandit/,9447,80,2026-05-22T12:30:12.000Z,Video,"Kya Shani Dev mita denge Samrat Vikramaditya ka wajood? 

Ek taraf Shani Dev ka bhayanak krodh aur unki Sade Sati ka kahar, toh doosri taraf King Vikramaditya ka kabhi na tootne wala ghamand aur usool! Apni hi nazron mein sahi hone ki zidd ne Vikramaditya ko ek aisi aag mein jhonk diya, jahan unka sab kuch chheen gaya unka rajya, unka vaibhav, aur ab unke haath-pair bhi! 

Lekin Shani Dev ne kaha tha, “Zindagi ki aag mein jo jalta hai, wahi sona bankar nikalta hai. 

[ Astro Arun Pandit, Shani Dev, Raja Vikramaditya, Sade Sati Kahani, Shani Dev Vikramaditya Katha, Mythological Stories, Shani Dev Krodh, Vikramaditya Hand Cut Story, Shani Dev Nyay, Indian Mythology, Shani Dev Status, Vikramaditya Shani Dev Samvad, Puranik Kathayein, Karma and Justice ]
.
.
.
#ShaniDev #Vikramaditya #SadeSati #ShaniMaharaj #Astroarunpandit",https://www.instagram.com/p/DYpBhM0hyXZ/,DYpBhM0hyXZ
https://www.instagram.com/astroarunpandit/,19609,267,2025-08-06T15:44:23.000Z,Image,"PROUD MOMENT IN HISTORY!

The stars always knew, now the world does too...

Astro Arun Pandit Ji has been honored as the Best Celebrity Astrologer at the Global Indians Conclave & Awards 2025 — receiving the prestigious Global Indian Award from Union Minister Shri Nitin Gadkari Ji 

This isn't just an award…
It’s a recognition of a 50+ year-old legacy of Vedic wisdom, psychic insight, and spiritual guidance — now celebrated on a global platform.

""Rashiyon se rishta, rashtra tak ki pehchaan!""
A moment of pride for every believer in astrology, every student of Occult Gurukul, and every soul touched by Astro Arun Pandit Ji’s divine guidance.

🏆 Best Celebrity Astrologer
📍 5th August 2025 | Shangri-La Eros, New Delhi

📸 Blessings. Gratitude. Vision.
This is just the beginning... 

#AstroArunPandit #BestCelebrityAstrologer #GlobalIndianAwards #AwardedByNitinGadkari #AstrologyWithImpact #OccultGurukul #GemsMantra #PoojaHouse #LegacyOfLight #SpiritualIndia #VedicWisdomGlobalStage",https://www.instagram.com/p/DNBN_-NTFY-/,DNBN_-NTFY-
https://www.instagram.com/astroarunpandit/,772,7,2026-05-22T15:07:24.000Z,Video,"Kya aapki life me baar-baar same type ke struggles, delays ya situations repeat hoti hain?
Ho sakta hai iska connection aapke janm ke samay bane “Yog” se ho jo aapki personality, destiny aur life pattern ko deeply influence karta hai.
Vedic Astrology ke Panchang me 27 Yog hote hain aur har yog insaan ki thinking, nature, luck, career, relationships aur struggles par alag impact daalta hai.
Kuch log naturally intelligent aur spiritual hote hain, kuch logon ko late success milti hai, kuch log Teaching, Media, Astrology ya Occult me jyada successful hote hain aur kuch logon ki life me obstacles baar-baar aate rehte hain. 
Is video me janiye,
Kaise janm ka yog aapki personality aur destiny ko affect karta hai?
Kyun kuch log emotionally aur spiritually dusron se alag hote hain?
Kaunse yog wale logon ko life me jyada struggles aur delays dekhne padte hain?
Kaun log naturally creative, wise aur intuitive hote hain?
Aur kaise aapka janm yog aapke career, marriage aur future ki direction tak decide kar sakta hai?
👉 Full Video abhi YouTube par LIVE hai
Abhi dekhiye aur janiye, aapka janm yog aapki life ke baare me kya reveal karta hai?
[ panchang yog, 27 yog in astrology, vishkumbh yog, preeti yog, ayushman yog, saubhagya yog, shobhan yog, atigand yog, sukarma yog, dhriti yog, shool yog, vedic astrology, jyotish shastra, yog in kundli, astrology secrets, occult astrology, birth yog astrology, personality astrology, destiny astrology, astro arun pandit, hindu astrology, spiritual astrology, panchang ke yog, astrology video hindi, kundli yog, vedic panchang, astro arun pandit ] 
.
.
#Panchang #Yog #Astrology #Jyotish #Occult",https://www.instagram.com/p/DYpTZaEz3a5/,DYpTZaEz3a5
https://www.instagram.com/astroarunpandit/,4531,165,2026-05-22T18:30:02.000Z,Sidecar,"Kya aapko bhi pichle kuch dino se achanak heavy energy feel ho rahi hai? Ya phir bina kisi wajah ke anxiety badh rahi hai? 

Astrology ke according, 24 se 26 May ke beech Mars aur Pluto ki ek bahut hi intense energy activate ho rahi hai. Jab ye dono heavy-hitting planets aamne-saamne aate hain, toh life mein bade Karmic Shifts shuru ho jaate hain. 

[ Astro Arun Pandit, Karmic Reset Mode, Mars Pluto Energy, Karmic Shifts 2026, Spiritual Protection, Hanuman Chalisa Paath, Emotional Triggers, Universe Reality Check, Astro Prediction ]
.
.
.
#AstroArunPandit #KarmicReset #Astrology2026 #MarsPluto #SpiritualAwakening",https://www.instagram.com/p/DYpqyUck3cE/,DYpqyUck3cE
https://www.instagram.com/astroarunpandit/,1822,43,2025-11-26T13:03:57.000Z,Video,"✨ Yantra Samriddhi Live Bootcamp — A Grand Success! ✨

23 November became a historic day as 120+ seekers gathered at Holiday Inn, Mayur Vihar to revive India’s sacred Yantra tradition under the divine guidance of Astro Arun Pandit Ji.
From learning ancient geometries to invoking high-vibration Yantras — the energy, devotion, and transformation were beyond powerful.

🙏 Thank you to every participant who made this spiritual movement come alive.
And this is just the beginning… More powerful, transformational live events are coming soon. Stay tuned!

💫 Let’s revive ancient wisdom. Let’s elevate modern lives, with Astro arun pandit.

✨ Comment on which topic you want to have the workshop next, and let us know,  if you want us to announce the next bootcamp soon!

[Astro Arun Pandit, Yantra Samriddhi, Yantra Workshop, Yantra Energizing, Spiritual Bootcamp, Vedic Wisdom, Astrology Event, Live Workshop India]

#AstroArunPandit #YantraSamriddhi #YantraWorkshop #AstrologyEvents #VedicWisdom #SpiritualGrowth #OccultSciences #EnergyHealing #AstrologyIndia #YantraMaking #MantraChanting #DivineEnergies #SpiritualBootcamp #TransformYourLife #LearnYantras",https://www.instagram.com/p/DRhUXl-k4N1/,DRhUXl-k4N1
https://www.instagram.com/astroarunpandit/,4575,19,2026-05-22T03:30:10.000Z,Video,"Kanya Rashi walon ke liye ab perfection nahi patience ka time shuru ho raha hai.

Shani ka Revati Nakshatra me pravesh aapki daily life aur career dono ko deeply impact karega.
Kaafi cheezein delay hongi, lekin jo milega wo long-term aur stable hoga.
Shani Dev ab aapko life ka asli discipline sikha sakte hai.

👉 Aapki rashi ka secret prediction YouTube par LIVE hai, abhi jakar dekhein.
Radhe Radhe 🙏 

[ Kanya Rashi, Virgo Horoscope, Shani Revati Nakshatra, Virgo Prediction, Saturn Transit, Kanya Rashifal, Astrology Hindi, Horoscope, Revati Nakshatra Effects, Vedic Astrology, Astro Arun Pandit ] 
.
.
#KanyaRashi #Virgo #Shani #RevatiNakshatra  #ShaniGochar",https://www.instagram.com/p/DYoDnXnxcKN/,DYoDnXnxcKN
https://www.instagram.com/astroarunpandit/,7362,61,2026-05-21T00:30:08.000Z,Sidecar,"21 May 2026 – Daily Horoscope by Astro Arun Pandit ✨

The planets shift, energies change, and each day brings a new message from the universe. 🌙✨

What do the stars have in store for you today?
This Moon Sign (Chandra Rashi)–based Daily Horoscope offers guidance for your career, relationships, health, and mindset, helping you move through the day with clarity and balance. 💫

Stay aligned with cosmic energies.
👉 Don’t forget to share this with your friends - because their day, too, is written in the stars. 🌌

🌸 Radhe Radhe 🌸

[ Astrology, Astro Arun Pandit, Rashifal, Prediction, Horoscope, Today’s Rashifal ]

#AstroArunPandit #Astrology #DailyHoroscope #Rashifal #TodaysHoroscope #Predictions",https://www.instagram.com/p/DYlKT0BD0su/,DYlKT0BD0su
https://www.instagram.com/astroarunpandit/,18214,52,2026-05-21T08:30:10.000Z,Video,"Read caption 👇🏻

1. Surya : ओम ह्राँ हीं सः सूर्याय नमः (Moolank 1 ke liye)

✨ Bhagwan Surya ki pooja se shakti, saahas, yash, safalta aur samriddhi haasil hoti hai.

2. Chandra : ओम श्राँ श्रीं श्रौं सः चन्द्राय नमः (Moolank 2 ke liye)

✨ Chandrama ki pooja maansik shaanti, dhan ki praapti aur jeevan mein safalta ke liye upyogi hai.

3. Mangal : ओम क्राँ क्रीं क्रों सः भौमाय नमः (Moolank 9 ke liye)

✨ Mangal ki pooja se jeevan mein sahi swaasthya, shakti, dhan aur samriddhi ki praapti hoti hai.

4. Budh : ओम ब्राँ ब्रीं ब्रों सः बुधाय नमः (Moolank 5 ke liye)

✨ Budh ki pooja se gyaan, dhan aur shaareerik beemariyon se chutkara milta hai.

5. Guru : ओम ग्राँ ग्रीं ग्रों सः गुरुवै नमः (Moolank 3 ke liye)

✨ Guru ki pooja se dhan, shiksha aur santaan ki praapti hoti hai. Pooja se vyakti deerghaayu (long life) hota hai.

6. Shukra :ओम द्राँ द्रीं द्रों सः शुक्राय नमः (Moolank 6 ke liye)

✨ Shukra ki pooja se jeevan mein khushiyon ki praapti hoti hai. Prem aur rishton mein mazbooti aati hai.

7. Shani :  ओम प्राँ प्रीं प्रों सः शनैश्चराय नमः (Moolank 8 ke liye)

✨ Shani ki pooja se maansik shaanti, khushi, swaasthya aur samriddhi mein badhava milta hai.

8. Rahu : ओम भ्राँ भ्रीं भ्रों सः राहवे नमः (Moolank 4 ke liye)

✨ Rahu ki pooja se jeevan mein shakti aur saamaajik pratistha (social status) mein badhottari hoti hai.

9. Ketu : ओम स्राँ स्रीं स्रों सः केतवे नमः (Moolank 7 ke liye) 

✨ Ketu ki pooja se swaasthya, dhan, bhaagya aur khushi ki badhottari hoti hai.

[ Astro Arun Pandit, Moolank aur Grah Pooja, Numerology remedies in Hindi, Grah Shanti Mantra, Bhakti aur Jyotish, Kundali ke moolank, Bhagya badlane ke mantra, Grahon ki pooja ke fayde, S",https://www.instagram.com/p/DYmBVWxBaKd/,DYmBVWxBaKd
https://www.instagram.com/astroarunpandit/,3187,12,2026-05-21T03:30:10.000Z,Video,"Singh Rashi walon ke liye Shani ka Revati Nakshatra me pravesh ego aur power dono ko challenge karne wala hai. 
Jo log sirf naam aur show-off par chal rahe the, unhe ab karmon ka asli result milega.
Career aur respect me bada badlav possible hai.
Shani ab aapko andar se powerful banana chahte hain, sirf bahar se nahi.

👉 Full detailed prediction abhi YouTube par LIVE hai, Jaakar zarur dekhiye!
Radhe Radhe 🙏 

[ Singh Rashi, Leo Horoscope, Shani Gochar, Revati Nakshatra, Leo Prediction, Saturn Transit, Singh Rashifal, Astrology Hindi, Horoscope Today, Vedic Astrology, Shani Effects, Astro Arun Pandit ] 
.
.
#SinghRashi #Leo #Shani #RevatiNakshatra #ShaniGochar",https://www.instagram.com/p/DYle_zGBXXO/,DYle_zGBXXO
https://www.instagram.com/astroarunpandit/,2227,13,2026-05-23T03:30:13.000Z,Video,"Tula Rashi walon ki relationships aur balance dono ab test hone wale hain. 

Shani ka Revati Nakshatra me pravesh aapki love life aur partnerships me bada karmic twist la sakta hai.
Jahan sach hoga wahi relationship tikega.
Fake connections ab dheer-dheere life se bahar hone lagenge.

👉 Full prediction abhi YouTube par LIVE hai, Abhi jaakar dekhiye!
Radhe Radhe 🙏 

[ Tula Rashi, Libra Horoscope, Shani Revati Nakshatra, Libra Prediction, Shani Gochar, Saturn Transit, Tula Rashifal, Astrology Hindi, Horoscope Today, Vedic Astrology, Astro Arun Pandit ] 
#TulaRashi #Libra #Shani #RevatiNakshatra #ShaniGochar SaturnTransit AstroArunPandit",https://www.instagram.com/p/DYqoh4fT4uD/,DYqoh4fT4uD
